物料编码,Week_101,Week_102,Week_103,Week_104,Week_105,Week_106,Week_107,Week_108,Week_109,Week_110
6004020503,28.809506255579272,27.940678054226233,27.723661905614808,32.073648139525886,31.83043010660817,30.263408334085735,28.320116676565245,31.71134007056179,31.45655335709435,31.442008947173985
6004020918,19.598951402514057,20.373669031333872,19.16169552999511,18.983092829578815,20.178232794253947,19.651480547525214,20.76448010590168,19.720719772646497,21.671444499071587,16.786700581291697
6004010256,8.678816614680631,9.174522792141609,10.471016499736779,8.005605066742344,7.645573653811146,7.413747176664588,10.650757596291358,9.783353328331774,9.558660806734526,8.869880456009108
6004010372,134.94824868370532,134.19904373016692,125.71366516015256,138.72129202434294,146.4139873587404,146.29838797734016,134.26756400053438,131.0395280454203,138.0384911522031,158.56108548219257
6004020900,6.911982862655029,7.6153657508310015,7.639298146806828,7.517810696581574,8.43597681272119,8.702739508836594,8.094817663905943,8.14554116390858,9.135247834915551,9.50626458807273
6004010174,10.429140586666701,3.755545530687874,8.521844611915041,10.862087061896608,9.149080672758869,10.103491201405781,8.569557011608833,6.5142607723169075,5.038382130375134,9.097126886638705
