物料编码,Week_101,Week_102,Week_103,Week_104,Week_105,Week_106,Week_107,Week_108,Week_109,Week_110
6004020503,28.80950626,27.94067805,27.72366191,32.07364814,31.83043011,30.26340833,28.32011668,31.71134007,31.45655336,31.44200895
6004020918,19.5989514,20.37366903,19.16169553,18.98309283,20.17823279,19.65148055,20.76448011,19.72071977,21.6714445,16.78670058
6004010256,8.678816615,9.174522792,10.4710165,8.005605067,7.645573654,7.413747177,10.6507576,9.783353328,9.558660807,8.869880456
6004010372,134.9482487,134.1990437,125.7136652,138.721292,146.4139874,146.298388,134.267564,131.039528,138.0384912,158.5610855
6004020900,6.911982863,7.615365751,7.639298147,7.517810697,8.435976813,8.702739509,8.094817664,8.145541164,9.135247835,9.506264588
6004010174,10.42914059,3.755545531,8.521844612,10.86208706,9.149080673,10.1034912,8.569557012,6.514260772,5.03838213,9.097126887
